keep,1
itself,1
watson,3
own,1
indeed,2
occasionally,1
said,2
also,2
because,2
under,1
but,4
you,13
when,3
to,20
as,4
one,2
crime,2
utmost,1
been,4
he,2
facts,1
guide,1
singular,2
promises,1
with,6
called,1
indication,1
view,1
doctor,1
until,1
fingertips,1
behind,1
best,1
about,1
an,2
shall,1
wilson,3
be,3
judicial,1
by,3
miss,1
know,1
begin,1
friend,2
less,1
that,9
use,1
pulled,1
mary,1
makes,1
every,1
memory,1
morning,1
successful,1
admit,1
room,3
was,3
love,1
life,2
chronicle,1
red,1
before,1
remarked,1
far,2
ask,1
apology,1
down,1
then,1
saying,1
more,1
did,1
fact,2
withdraw,1
adventures,1
many,2
closed,1
proposition,1
interest,1
call,1
no,1
strangest,1
ever,1
kindness,1
effort,1
peculiar,1
bizarre,1
a,7
had,1
come,2
much,1
reason,1
acknowledges,1
events,2
partner,1
your,5
right,1
enough,1
part,1
observed,1
listened,2
effects,1
year,1
jabez,1
my,13
nature,1
must,2
sutherland,1
door,1
whether,2
could,1
elderly,1
committed,1
piling,1
good,1
daring,1
similar,1
relapsing,1
fatencircled,1
would,1
thousands,1
belief,1
not,6
strange,1
relish,1
merely,1
presented,1
afraid,1
has,5
narrative,2
case,1
round,1
great,1
rule,1
went,1
opening,1
rose,1
into,3
if,1
able,1
helper,1
shown,1
upon,3
engaged,1
doubt,2
last,1
this,2
hair,1
settee,1
some,2
from,3
impossible,1
problem,1
can,1
or,1
very,4
any,2
positive,1
time,2
certainly,1
story,1
yours,1
little,2
small,1
liberty,1
floridfaced,1
perhaps,1
at,2
which,6
conventions,1
larger,1
next,1
greatest,1
in,7
is,6
am,3
excuse,1
now,1
remark,1
say,1
armchair,1
smaller,1
where,1
among,1
him,1
myself,1
outside,1
lips,1
breaks,1
routine,1
cordially,1
embellish,1
of,18
the,31
intrusion,1
humdrum,1
always,1
than,1
doubting,1
often,1
connected,1
anxious,1
share,1
eyes,1
moods,1
bob,1
other,2
took,1
mr,4
present,2
extraordinary,1
heard,4
gentleman,3
so,4
are,2
instance,2
gave,1
better,1
we,2
putting,1
i,18
course,2
try,1
for,7
it,2
go,1
deep,1
me,9
somewhat,1
custom,1
here,1
together,1
possible,1
quick,1
combinations,1
cases,3
recommence,1
everyday,1
all,2
conversation,1
wait,1
and,14
simple,1
none,1
imagination,1
unique,2
there,1
slight,1
abruptly,1
will,3
half,1
prompted,1
have,11
detail,1
chair,1
sherlock,1
holmes,3
greeting,1
most,4
fiery,1
dr,1
autumn,1
things,1
found,1
his,5
stout,2
occur,1
remember,1
crimes,1
forced,1
day,2
possibly,1
dear,2
were,1
just,1
enthusiasm,1
glance,1
on,2
otherwise,1
questioning,1
them,1
